model,mse,r2
LinearReg,0.3743915165839035,-0.16969645769584707
RandomForestReg,1.4352196998910127,-3.4839995689421324
